id;Cup;Cm;Rm;Ra;Tau;Hold;Rest_Potential;–Ã–Ï‡ı;Slope;Decay;PDS_time;AHP_PDS;Type_PDS;Amp_Spike_PDS;Time_to_spike_PDS;Num_of_PDS;–Ã–Ïin;PDS_cluster_time;AHP_PDS;Time_bitwen_PDS;sag;Delta_sag;first_spike;Lag;apl_spike;max_spike;AHP_spike
1;1;126.25;151;31.8;3.3;3.1;-72.94;60.42;3340.12;-149.81;0.17;-22.28;1;118.65;0.005;7;-45.41;1.19;-2.5;35.58;-31.07;-3.67;-56.21;0.43;100.86;18;-8.48
2;1;163.31;125.1;23.8;3.3;6.2;-73.61;58.29;2674.59;-76.59;0.13;-25.7;1;116.33;0.012;7;-49.01;1.16;-2.44;34.02;-25.33;-1.04;-59.51;0.4;110.78;16;0
3;1;126.3;150;31.7;3.3;3.1;-72.94;60.14;3340.12;-150.11;0.17;-22.31;1;120.25;0.005;7;-45.05;1.2;-2.5;35.61;-31.07;-3.67;-56.21;0.44;99.88;19;-8.51
4;1;163.32;125;23.6;3.3;6.2;-73.65;58.31;2675.59;-75.6;0.13;-26.09;1;115.43;0.011;7;-49.01;1.18;-2.44;34.42;-25.33;-1.18;-60.01;0.39;19.84;16;0
5;1;122.31;187.71;34.6;3.6;-0.3;-71.25;53.11;625.99;-400.06;0.16;-13.52;2;124.45;0.018;7;-21.64;1.39;-1.77;33.25;-31.13;-0.68;-60.03;0.44;117.54;13;0
6;1;102.7;238.6;33.7;3;4.4;-65.5;49.01;1332.79;-71;0.17;-9.1;2;114.31;0.018;7;-21.74;1.38;-3.23;35.54;-31.11;-0.46;-54.13;0.08;107.76;7;-8.67
7;1;183.7;175.2;28.1;4.5;-1.8;-72.1;48.11;1043.26;-465.27;0.15;-2.72;2;115.91;0.02;7;-25.06;2.01;-3.75;32.19;-48.65;0.09;-57.79;0.67;80.77;10;-23.01
8;2;122.3;187.7;32.8;3.6;-0.3;-70.24;53.16;627.87;-393.36;0.17;-13.61;2;123.34;0.017;6;-21.59;1.43;-1.77;13.19;-31.44;-1.08;-59.73;0.44;117.12;13;0
9;3;172.21;115.1;23.6;3.3;6.2;-73.61;58.39;2675.08;-80.61;0.13;-24.31;1;112.11;0.012;7;51.91;1.15;-2.4;34.02;-25.65;-1.3;-59.19;0.45;110.98;16;0
10;4;122.3;187.1;34.8;3.6;-0.3;-70.55;53.87;623.01;-391.23;0.17;-13.01;2;123.35;0.017;6;21.69;1.43;-1.7;13.19;-31.34;-0.44;-60.46;0.44;117.91;13;0
11;5;102.1;240.7;33.5;3;-1;-65.35;48.8;1332.8;-70.29;0.16;-7.09;2;111.21;0.011;8;21.74;1.42;-3.23;12.5;-31.64;-0.75;-53.46;0.07;108.16;7;-8.45
12;6;183.07;165.2;28.9;4.5;-9;-73.45;47.96;1053.26;-504.26;0.15;-3.88;2;114.01;0.018;10;25.32;2.03;-3.7;32.1;-48.27;0.22;-57.64;0.62;83.71;10;-31.46
13;7;118.91;333.88;30.9;3.5;7.4;-78.16;38.15;2827.65;-50.44;0.16;-68.05;2;122.12;0.017;4;-57.25;0.7;1;7.4;-41.6;-0.77;-56.71;0.03;102.67;12;-7.19
14;8;87.91;294.52;28.5;2.2;0.6;-76.65;29.11;1130.88;-84.14;0.18;-50.79;2;112.23;0.041;3;-59.32;0.51;1;4.4;-37.75;-1.77;-57.49;0.05;91.71;9;0
15;9;70.81;341.69;64.6;3.8;0.4;-80.75;69.54;2919.44;-399.53;0.28;-52.81;1;125.66;0.029;3;-48.59;0.91;1;4.33;-37.79;-1.61;-58.94;0.04;94.16;4;0
16;10;103.5;230.91;53.2;4.5;1.7;-73.36;61.54;3105.07;-659.02;0.25;-71.54;1;117.16;0.011;3;-59.39;0.92;1;4.75;-41.26;-0.73;-57.45;0.04;103.46;15;0
17;11;213.91;154.1;24.3;4.5;0.9;-71.73;62.74;4241.25;-327.73;0.21;-42.49;1;127.61;0.001;4;-50;1.01;-4.99;11.16;-23.21;-0.69;-62.98;0.93;126.43;10;0
18;12;117.94;206.7;29.5;3;2.4;-75.71;44.05;1692.83;-300.01;0.18;-38.31;2;120.16;0.025;6;-50.31;1.1;1;7.81;-26.76;-1.01;-61.07;0.32;105.31;15;0
19;13;120.43;320.8;31.7;3.5;7.4;-78.26;38.51;2828.85;-50.14;0.16;-70.39;2;121.21;0.017;5;-56.68;0.82;1;7.44;-41.63;-0.69;-55.09;0.05;103.01;11;-7.15
20;14;71.12;342.1;64.5;3.8;0.4;-80.05;69.49;2802.45;-400.76;0.26;-51.62;1;125.71;0.027;4;-47.96;0.9;1;4.39;-37.69;-1.11;-57.73;0.05;94.76;4;0
21;15;126.01;224;20.5;2.4;1.5;-72.51;60.12;4052.12;-494.78;0.14;-29.79;1;122.68;0.01;6;-48.58;1.22;-1.4;8.93;-31.4;-3.28;-63.15;0.89;125.32;5;0
22;16;191.68;161.3;27.5;4.5;2.4;-73.49;57.13;3012.12;-164.56;0.2;-51.33;1;133.61;0.013;4;-55.48;1.07;-0.5;7.39;-30.25;-0.86;-65.15;0.45;129.32;5;0
23;17;86.93;300.5;28.2;2.2;0.6;-76.04;29.19;1030.48;-84.16;0.18;-51.45;2;111.23;0.043;4;-60.42;0.5;1;4.54;-37.66;-2.65;-56.46;0.04;92;8;0
24;18;130.25;121;31.2;3.3;3.1;-73.94;60.41;3335.17;-150.71;0.17;-22.31;1;119.55;0.005;8;-45.31;1.15;-2.49;43.58;-31.07;-3.87;-56.71;0.43;101.28;19;-8.19
25;19;122.3;187.1;34.4;3.6;-0.3;-71.25;53.09;625.85;-387.76;0.17;-13.59;2;123.15;0.017;8;-21.53;1.41;-1.81;43.21;-31.13;-0.78;-59.11;0.41;117.24;13;0
26;20;102.1;240.7;33.7;3;-4.4;-65.75;50.01;1352.49;-68.78;0.16;-9.25;2;111.21;0.011;8;-21.63;1.4;-3.2;44.59;-31.11;-0.88;-52.99;0.18;108.06;7;-9.31
27;21;183.07;165.2;28.5;4.5;-4.8;-72.43;48.41;1121.06;-504.31;0.15;-3.79;2;112.01;0.018;8;-25.21;2.1;-3.83;42.8;-48.65;-0.42;-56.99;0.64;80.71;10;-30.41
28;22;56.01;520.1;55.3;2.9;1.8;-69.93;50.86;1356.58;-99.99;0.2;-10.36;3;105.08;0.017;8;-31.29;0.91;-2.81;44.81;-51.9;-15.75;-55.14;0.11;100.47;24;-12.59
29;23;142.99;220.6;37.8;4.5;1.5;-71.52;56.33;924.42;-114.02;0.37;-13.99;1;120.06;0.014;8;-17.21;0.54;-2.49;44.31;-44.56;-0.31;-53.47;0.34;110.37;11;-2.21
30;24;60.52;442.1;47.1;2.6;-3.4;-74.11;50.21;1064.67;-81.18;0.35;-15.79;3;102.66;0.017;8;-24.81;0.62;-3.41;44.41;-52.8;-8.27;-59.43;0.05;90.45;37;0
31;25;85.94;191.8;37.4;2.6;1.4;-71.23;61.12;3370.58;-101.11;0.01;-50.01;1;95.65;0.018;4;-47.27;0.9;-4.34;32.14;-34.51;-1.5;-53.95;0.06;87.17;9;-7.41
32;26;160.93;191.8;33.9;4.2;-3.2;-71.47;67.45;4315.92;-70.41;0.18;-41.51;1;135.01;0.013;7;-14;1.6;-4.36;32.48;-30.11;-2.91;-69.56;0.32;133.62;16;0
33;27;63.01;520.7;65.4;3.7;-2.2;-70.8;52.36;3550.42;-83.07;0.27;-61.61;3;105.13;0.006;8;-36.01;1.5;-6.36;14.03;-42.81;-6.6;-62.65;0.07;115.85;24;-27.76
34;28;99.83;362.23;51.5;4.5;3.4;-75.58;54.54;3072.27;-620.02;0.15;-52.53;2;110.06;0.008;6;-50.12;1.37;-1.16;7.85;-40.74;-2.6;-67.76;0.73;113.81;12;-13.04
35;29;117.95;202.7;29.4;3;2.4;-75.61;42.88;1693.73;-287.76;0.17;-38.55;2;110.06;0.021;5;-50.27;0.97;1;5.78;-26.25;-1.01;-63.77;0.27;105.31;15;0
36;30;100.93;353.8;31.9;3.5;7.4;-78.16;39.15;2788.71;-49.14;0.16;-69.55;2;101.22;0.017;4;-56.67;0.73;1;7.4;-41.23;0;-56.79;0.03;102.11;11;-7.45
37;31;89.93;304.5;28.7;2.2;0.6;-76.65;30.16;1170.58;-89.87;0.18;-53.43;2;101.63;0.042;3;-60.12;0.48;1;4.4;-40.24;-3.93;-55.25;0.05;91.22;8;0
38;32;71.88;340.6;64.5;3.8;0.4;-80.75;70.21;2925.54;-414.61;0.27;-53.61;1;114.69;0.027;3;-48.36;0.88;1;4.33;-38.49;-3.39;-57.35;0.04;94.29;4;0
39;33;104.51;231.9;53.6;4.5;11.7;-73.36;61.64;3115.77;-663.32;0.27;-71.43;1;107.19;0.011;3;-58.64;0.82;1;7.75;-42.49;-2.96;-56.52;0.04;103.24;11;0
40;34;214.84;160.2;24.4;4.5;10.9;-71.78;62.68;4259.27;-329.57;0.21;-41.54;1;119.91;0.001;4;-49.41;0.99;-4.84;10.16;-24.12;-0.6;-63.34;0.79;121.09;10;0
41;35;73.48;472.3;46.1;3.5;2.8;-58.94;43.39;4080.64;-199.15;0.17;-40.41;3;113.47;0.006;5;-41.52;1.35;-1.71;9.23;-41.56;-10.56;-52.55;0.04;110.45;40;-7.57
42;36;127.01;224;20.3;2.4;1.5;-73.51;60.09;4152.62;-491.71;0.14;-30.8;1;123.1;0.019;6;-49.11;1.2;-1.4;10.49;-31.4;-2.68;-63.19;0.9;125.62;6;0
43;37;190.68;169.3;27.4;4.5;1.4;-74.49;57.12;3097.78;-154.54;0.21;-50.23;1;133.61;0.013;4;-55.51;1.05;-0.5;15.39;-30.25;-0.84;-65.18;0.45;129.91;5;0
44;38;122.29;187.8;34.8;3.6;-0.3;-70.25;53.16;623.99;-390.96;0.17;-13.61;2;123.35;0.017;6;-21.61;1.43;-1.77;13.19;-31.13;-0.25;-59.63;0.44;117.37;13;0
45;39;102.78;238.7;33.5;3;-1.4;-65.55;48.89;1322.79;-68.9;0.16;-8.8;2;111.21;0.011;8;-21.77;1.42;-3.23;12.5;-31.11;-0.22;-53.83;0.1;108.46;7;-8.58
46;40;183.07;165.2;28.9;4.5;-9.8;-72.45;47.91;1033.26;-464.27;0.15;-2.72;2;114.01;0.018;11;-24.96;2.06;-3.75;32.1;-48.65;-0.19;-57.68;0.7;79.71;10;-29.91
47;41;56.14;520.6;56.3;2.9;1.8;-68.73;50.96;1460.68;-100.86;0.19;-11.05;3;104.98;0.01;6;-30.88;0.96;-2.75;11.4;-51.9;-15.58;-55.11;0.07;99.47;23;-11.6
48;42;142.67;221.6;36.8;4.5;1.5;-70.62;56.76;819.44;-115.21;0.36;-14.47;1;120.06;0.014;2;-17.43;0.55;-2.5;20.31;-44.56;-0.11;-53.77;0.32;109.31;11;-1.89
49;43;62.52;422.1;46.1;2.6;-3.4;-73.94;51.21;1087.57;-79.18;0.39;-15.56;3;102.66;0.018;2;-24.23;0.65;-3.42;94.18;-52.8;-7.88;-59.63;0.02;88.44;35;0
50;44;85.94;191.8;36.4;2.6;1.4;-71.29;60.12;3370.58;-102.16;0.01;-49.07;1;95.55;0.01;4;-47.24;0.94;-4.33;32.14;-34.48;-1.46;-53.65;0.04;87.17;3;-7.81
51;45;158.93;201.8;32.9;4.2;-3.2;-71.47;67.2;4315.92;-69.39;0.19;-40.41;1;134.09;0.013;7;-13.98;1.62;-4.35;32.48;-29.48;-2.08;-69.03;0.27;133.32;16;0
52;46;63.66;519.7;65.5;3.7;-2.2;-70.8;52.37;3550.42;-82.08;0.25;-63.6;3;104.33;0.006;8;-35.83;1.54;-6.23;14.03;-43.79;-6.38;-62.87;0.07;115.85;25;-27.23
53;47;99.82;362.2;51.5;4.5;3.4;-75.68;55.54;3051.2;-620.83;0.15;-52.43;2;124.06;0.008;6;-50.17;1.37;-1.16;7.85;-40.95;-2.8;-68.76;0.73;113.89;12;-12.94
54;48;117.94;206.7;29.4;3;2.4;-75.71;43.88;1682.43;-297.06;0.17;-38.27;2;120.06;0.024;5;-50.29;0.97;1;5.78;-26.76;-1.49;-61.77;0.27;105.29;15;0
55;49;100.82;352.2;52.5;4.5;3.4;-74.68;55.55;3051.2;-610.43;0.15;-54.48;2;123.02;0.008;6;-50.17;1.4;-1.21;7.05;-41.25;-4.24;-68.81;0.75;114.31;11;-13.15
56;50;112.94;209.7;30.4;3;2.4;-76.71;43.84;1682.43;-280.96;0.17;-40.29;2;121;0.024;5;-50.66;0.99;1;5.78;-26.89;-1.66;-61.78;0.31;105.02;16;0
57;51;120.93;321.8;32.1;3.5;7.4;-77.06;38.12;2827.65;-51.54;0.16;-70.51;2;120.99;0.017;4;-56.43;0.81;1;7.49;-41.32;-0.3;-55.91;0.03;102.42;11;-7.34
58;52;87.13;297.5;27.9;2.2;0.6;-76.05;29.13;1130.88;-84.17;0.17;-50.42;2;110.69;0.042;3;-60.46;0.5;1;4.48;-37.15;-0.85;-56.12;0.05;100.25;8;0
59;53;70.99;381.6;63.9;3.8;0.4;-79.75;69.49;2919.44;-401.46;0.26;-51.61;1;120.61;0.027;3;-47.96;0.9;1;4.33;-37.12;-1.13;-57.17;0.04;96.75;4;0
60;54;101.51;234.9;52.6;4.5;1.7;-73.13;61.54;3105.07;-666.32;0.26;-71.53;1;116.14;0.011;3;-58.65;0.9;1;4.75;-41.61;-0.51;-56.63;0.04;103.45;11;0
61;55;215.84;150.2;23.4;4.5;2.9;-72.78;62.63;4241.25;-319.89;0.21;-41.67;1;129.51;0.019;4;-49.41;0.89;-5.32;11.16;-24.13;-0.45;-63.85;0.87;124.39;9;0
62;56;141.23;243.6;36.8;4.5;2.1;-72.69;57.52;2023.28;-799.07;0.16;-45.99;1;124.52;0.014;5;-59.45;1.1;-0.1;8.33;-31.14;-1.46;-64.74;0.14;123.95;6;-6.36
63;57;73.48;482.3;46.1;3.5;6.8;-58.91;43.53;4180;-195.75;0.17;-43.46;3;111.67;0.006;5;-41.28;1.3;-1.72;9.23;-40.69;-9.21;-52.91;0.04;110.47;39;-7.57
64;58;121.01;229.81;21.5;2.4;1.5;-72.21;60.32;4052.12;-499.63;0.14;-30.7;1;121.68;0.018;6;-48.61;1.3;-1.39;8.93;-31.39;-3.45;-63.17;0.85;125.57;5;0
65;59;190.68;164.3;26.5;4.5;1.4;-73.49;57.73;3012.12;-166.16;0.19;-50.06;1;132.61;0.013;4;-55.53;1.1;-0.49;7.39;-30.21;-1.94;-65.66;0.45;129.25;5;0
66;60;123.29;184.8;35.8;3.6;-0.3;-71.25;53.15;623.99;-390.96;0.17;-13.57;2;123.35;0.017;5;-21.43;1.4;-1.75;13.19;-30.96;0.3;-59.62;0.49;117.54;13;0
67;61;62.53;422.21;46.2;2.6;-3.4;-72.92;52.21;1067.56;-80.88;0.39;-15.76;3;110.66;0.017;2;-24.54;0.65;-3.42;94.18;-53;-8;-60.63;0.02;98.44;35;0
68;62;85.24;291.8;36.3;2.6;1.4;-72.19;61.12;3368.98;-104.13;0.01;-49.87;1;105.55;0.014;4;-47.25;0.94;-4.33;32.14;-34.57;-1.57;-55.65;0.04;88.87;3;-7.76
69;63;158.93;301.8;33.1;4.2;-3.2;-70.97;68.2;4385.12;-69.51;0.19;-40.91;1;124.09;0.013;7;-13.05;1.62;-4.35;32.48;-30.27;-2.95;-67.03;0.27;131.32;16;0
70;64;63.63;519.2;65.5;3.7;-2.2;-71.02;51.37;3548.52;-82.19;0.25;-63.6;3;110.33;0.006;9;-35.73;1.54;-6.23;14.03;-44.28;-7.91;-68.87;0.07;113.55;25;-26.21
71;65;62.52;422.71;45.1;2.6;-2.4;-72.24;52.21;1087.57;-80.17;0.37;-15.51;3;100.56;0.018;2;-24.21;0.59;-3.49;94.18;-52.79;-6.85;-60.11;0.02;88.35;35;0
72;66;85.44;191.78;35.8;2.6;1.4;-71.79;60.12;3370.58;-103.17;0.02;-50.17;1;100.45;0.017;4;-47.16;0.98;-4.3;32.14;-34.53;-0.79;-54.29;0.05;87.25;10;-7.59
73;67;158.43;201.78;33.1;4.2;-3.2;-71.97;67.25;4315.92;-67.69;0.18;-39.91;1;133.1;0.013;7;-14.21;1.59;-4.32;32.48;-29.54;-2.57;-69.03;0.3;133.23;16;0
74;68;63.61;519.79;64.5;3.7;-2.2;-70.84;52.37;3550.42;-83.08;0.24;-63.69;3;103.16;0.006;8;-35.79;1.48;-6.13;14.03;-43.84;-6.37;-63.61;0.07;115.15;25;-27.77
75;69;99.8;362.29;53.5;4.5;3.4;-75.63;55.54;3051.2;-619.13;0.15;-49.99;2;124.05;0.008;6;-49.01;1.33;-1.12;7.85;-41.26;-3.11;-69.34;0.73;113.34;12;-13.39
76;70;117.9;206.71;28.9;3;2.4;-75.31;43.48;1682.43;-299.96;0.17;-39.07;2;121.01;0.024;5;-49.06;0.95;1;5.78;-27.11;-1.84;-62.45;0.27;105.53;15;0
77;71;160.93;191.8;32.9;4.2;-3.2;-71.5;67.27;4416.01;-71.31;0.19;-41;1;134.1;0.013;7;-13.98;1.66;-4.3;32.48;-29.74;-1.93;-69.71;0.27;133.46;16;0
78;72;63.01;520.7;65.5;3.7;-2.2;-70.89;52.33;3050.42;-80.08;0.25;-63.22;3;104.03;0.006;8;-35.83;1.53;-6.24;14.03;-43.82;-6;-62.11;0.07;115.95;25;-28.39
79;73;100.82;352.2;51.5;4.5;3.4;-75.48;55.64;3051.23;-611.23;0.15;-53.44;2;124.15;0.008;6;-50.17;1.32;-1.13;7.85;-40.61;-2.36;-68.22;0.73;113.48;12;-13.31
80;74;112.94;209.7;29.4;3;2.4;-75.41;43.57;1702.93;-302.07;0.17;-40.2;2;121.35;0.021;5;-50.29;0.9;1;5.78;-26.34;-0.04;-61.99;0.27;105.71;15;0
81;75;120.93;321.8;31.9;3.5;7.4;-78.86;37.15;2828.79;-52.24;0.16;-68.01;2;123.22;0.017;4;-56.7;0.7;1;7.4;-41.54;0.19;-56.37;0.03;102.71;11;-7.04
82;76;87.13;297.5;26.9;2.2;0.6;-76.95;28.11;1229.91;-84.16;0.18;-53.23;2;110.69;0.042;3;-60.12;0.4;1;4.4;-37.14;-0.78;-57.78;0.05;91.12;8;0
83;77;70.99;381.6;67.9;3.8;0.4;-80.75;68.89;2920.54;-394.65;0.27;-49.99;1;127.68;0.027;3;-48.76;0.8;1;4.33;-37.23;-1.09;-57.19;0.04;94.61;4;0
84;78;101.51;234.9;53.4;4.5;1.5;-73.32;61.01;3141.97;-653.32;0.27;-73.03;1;116.18;0.011;3;-58.54;0.8;1;4.75;-41.14;-1.01;-56.94;0.04;103.26;11;0
85;79;215.84;150.2;24.1;4.5;9;-71.48;62.73;4241.27;-321.23;0.21;-41.01;1;129.87;0.001;4;-49.41;0.9;-4.91;11.16;-23.77;-1.65;-64.19;0.74;126.79;10;0
86;80;141.23;243.6;36.6;4.5;1.5;-72.69;57.62;2021.29;-774.74;0.16;-45.59;1;125.72;0.014;5;-59.8;1;-0.19;8.33;-31.74;-2.79;-64.01;0.14;123.38;6;-6.08
87;81;73.48;482.3;46.3;3.5;6.8;-58.49;43.39;4099.64;-199.95;0.17;-41.31;3;113.65;0.006;5;-41.5;1.41;-1.61;9.23;-41.75;-10.29;-52.74;0.04;110.41;38;-7.24
88;82;122.31;187.71;34.5;3.6;-0.3;-70.23;53.18;633.29;-384.07;0.17;-13.63;2;121.3;0.015;6;-21.51;1.33;-1.98;13.19;-31.59;-0.71;-60.49;0.44;117.07;14;0
89;83;102.7;238.6;34.5;3;-1;-65.52;48.91;1342.73;-68.34;0.16;-10.89;2;110.2;0.011;8;-21.29;1.44;-3.35;12.5;-31.89;-1;-54.78;0.16;107.61;10;-8.48
90;84;183.7;175.2;30.1;4.5;-9.8;-72.45;47.93;1053.25;-465.26;0.15;-4.16;2;115.51;0.018;11;-24.02;2.05;-3.79;32.1;-48.68;-0.22;-59.6;0.67;80.64;10;-28.97
91;85;56;522.3;56.4;2.9;1.8;-68.71;50.97;1440.13;-98.87;0.19;-10.05;3;105;0.019;6;-31.11;0.83;-2.85;11.4;-52.05;-15.73;-55.19;0.07;100.64;23;-10.35
92;86;142.98;221.12;36.6;4.5;1.5;-70.62;56.86;778.14;-109.21;0.38;-16.47;1;121.16;0.014;2;-17.55;0.66;-2.57;20.31;-44.51;-0.06;-54.23;0.33;110.24;11;-2.06
93;87;62.2;425.1;45.8;2.6;-3.4;-73.94;51.21;1089.97;-83.18;0.41;-15.56;3;103.46;0.018;2;-24.14;0.69;-3.33;94.18;-52.77;-7.85;-60.21;0.04;89.45;34;0
94;88;86.01;190.15;36.2;2.6;1.4;-71.31;60.12;3260.58;-103.14;0.01;-50.17;1;94.5;0.012;4;-47.53;0.99;-4.43;32.14;-34.41;-1.39;-53.12;0.04;86.17;10;-8.31
95;89;159.21;200.1;33.1;4.2;-3.2;-71.47;67.29;4375.12;-69.44;0.19;-39.41;1;132.19;0.013;7;-13.64;1.65;-4.37;32.48;-29.42;-2.02;-69.35;0.28;130.32;16;0
96;90;63.01;520.71;65.3;3.7;-2.2;-70.87;52.37;3540.49;-82.18;0.31;-63.59;3;105.53;0.006;8;-35.78;1.58;-6.83;14.03;-44.81;-7.4;-62.77;0.08;110.65;25;-26.35
97;91;100.82;351.2;50.5;4.5;3.4;-75.68;55.54;3111.79;-625.23;0.15;-51.49;2;127.76;0.008;6;-50.13;1.39;-1.46;7.85;-40.81;-2.66;-68.62;0.68;113.91;12;-13.4
98;92;117.94;206.7;30.4;3;2.4;-75.71;43.78;1683.43;-269.96;0.17;-39.87;2;119.86;0.024;5;-50.55;0.99;1;5.78;-26.89;-1.62;-61.36;0.28;105.33;15;0
99;93;120.43;320.8;32.2;3.5;7.4;-78.16;38.16;2826.65;-49.54;0.16;-68.59;2;120.02;0.017;4;-55.42;0.78;1;7.4;-41.7;-0.87;-55.75;0.05;102.51;11;-6.39
100;94;86.93;300.5;28.8;2.2;0.6;-76.05;29.81;1130.35;-84.16;0.18;-52.41;2;114.63;0.039;3;-60.12;0.44;1;4.4;-37.73;-1.75;-56.82;0.05;91.12;8;0
101;95;71.12;342.1;64.7;3.8;0.4;-80.75;69.45;2921.04;-415.65;0.3;-53.51;1;123.39;0.027;3;-48.85;0.82;1;4.33;-37.72;-1.54;-57.16;0.04;94.31;4;0
102;96;99.51;235.45;53.3;4.5;1.7;-73.08;61.63;3175.77;-680.75;0.29;-72.53;1;116.18;0.011;3;-58.11;0.83;1;4.75;-41.53;-1;-56.7;0.04;103.52;11;0
103;97;214.34;153.2;25.4;4.5;0.1;-71.78;62.74;4242.98;-329.83;0.21;-47.5;1;130.81;0.001;4;-49.09;0.98;-6.35;11.16;-23.81;-1.29;-63.45;0.79;126.16;10;0
104;98;150.23;232.6;36.7;4.5;1.2;-72.69;57.61;2023.28;-800.15;0.16;-48.52;1;124.72;0.014;5;-60;1.01;-0.18;8.33;-31.91;-3.28;-65.48;0.11;123.4;6;-5.56
105;99;73.48;472.3;46.8;3.5;6.8;-58.09;43.43;4200.79;-200.49;0.17;-42.36;3;113.77;0.006;5;-41.41;1.15;-1.71;9.23;-41.64;-10.16;-52.74;0.08;110.39;40;-8.51
106;100;127.01;224;20.6;2.4;1.5;-72.52;60.11;4059.18;-500.44;0.14;-32.89;1;123.34;0.012;6;-49.66;1.21;-1.41;8.93;-31.47;-3.35;-63.74;0.75;125.35;7;0
107;101;190.68;169.3;27.4;4.5;2.1;-73.44;57.12;3012.19;-201.53;0.2;-50.02;1;131.3;0.013;4;-55.18;1.03;-0.55;7.39;-30.46;-0.98;-65.13;0.45;129.12;5;0
108;102;130.25;121;31.9;3.3;3.1;-72.94;60.49;3350.52;-150.31;0.17;-19.28;1;114.32;0.005;7;45.41;1.2;-2.54;35.58;-31.94;-4.45;-56.19;0.43;100.12;19;-8.47
109;103;118.93;333.8;31.9;3.5;7.4;-78.06;38.15;2827.65;-49.64;0.16;-69.4;2;121.22;0.017;4;-56.7;0.73;1;7.4;-41.63;-0.8;-55.79;0.03;102.91;11;-7.45
110;104;87.93;294.5;28;2.2;0.6;-76.05;29.11;1130.88;-83.17;0.18;-52.43;2;111.63;0.042;3;-60.12;0.48;1;4.4;-37.66;-1.68;-56.58;0.05;91.92;8;0
111;105;70.88;341.6;64;3.8;0.4;-80.75;69.4;2919.44;-404.6;0.27;-52.61;1;124.69;0.027;3;-48.06;0.88;1;4.33;-37.69;-1.51;-57.45;0.04;94.21;4;0
112;106;103.51;230.9;53.6;4.5;1.7;-73;61.64;3105.07;-662.02;0.27;-71.53;1;117.19;0.011;3;-58.74;0.82;1;4.75;-41.54;-1.01;-56.62;0.04;103.2;11;0
113;107;56.01;520.1;56.3;2.9;1.8;-67.93;50.9;1459.71;-100.02;0.19;-10.09;3;105.08;0.01;6;32.05;0.99;-2.7;11.4;-51.31;-15;-56.45;0.07;98.47;23;-11.55
114;108;60.52;442.1;46.1;2.6;-3.4;-73.81;51.25;1090.17;-80.19;0.38;-16.57;3;101.11;0.018;2;24.23;0.67;-3.32;94.18;-52.64;-6.85;-60.54;0.02;88.45;35;0
115;109;85.94;191.8;36.4;2.6;1.4;-71.31;60.16;3410.17;-100.16;0.01;-48.99;1;95.33;0.011;4;-47.24;0.96;-4.3;32.14;-34.42;-1.28;-53.17;0.04;87.14;3;-7.11
116;110;102.8;238.6;34.5;3;-14.4;-65.56;47.89;1329.81;-68.58;0.16;-10.84;2;101.2;0.011;8;-21.77;1.42;-3.23;12.5;-31.01;-0.59;-54.83;0.18;105.46;7;-8.51
117;111;183.7;164.01;28.8;4.5;-9.8;-72.44;46.91;1023.27;-464.87;0.15;-2.84;2;104.01;0.018;12;-24.79;2.06;-3.75;32.1;-48.6;-0.35;-56.68;0.69;83.71;10;-29.83
118;112;56.12;520.2;56.5;2.9;1.8;-68.53;49.96;1550.18;-101.84;0.19;-11.45;3;114.98;0.01;6;-30.78;0.96;-2.75;11.4;-51.74;-15.61;-56.11;0.07;94.44;23;-11.57
119;113;142.67;221.61;36.7;4.5;1.5;-71.62;57.76;825.47;-125.22;0.36;-14.37;1;110.06;0.014;2;-17.43;0.55;-2.5;20.31;-44.32;-0.2;-54.77;0.32;109.31;11;-1.95
120;114;100.78;239.7;34.5;3;-1.3;-64.54;48.01;1322.79;-70.99;0.16;-8.29;2;122.21;0.011;8;-21.32;1.4;-3.27;12.5;-31.1;0.84;-53.25;0.08;108.67;8;-8.11
121;115;184.07;168.2;30.9;4.5;-2.8;-73.45;47.81;1033.26;-444.27;0.15;-3.87;2;113.31;0.018;11;-25.25;2;-4.21;32.1;-49.35;-1.27;-57.54;0.67;79.86;9;-30.1
122;116;56.12;520.61;55.3;2.9;1.8;-67.73;50.85;1460.68;-98.87;0.19;-12.79;3;105.78;0.019;6;-31.29;0.9;-2.15;11.4;-51.89;-15.5;-55.1;0.05;99.96;24;-11.49
123;117;142.7;221.62;36.4;4.5;1.5;-71.62;56.56;819.44;-109.22;0.36;-15.51;1;119.16;0.014;2;-17.29;0.49;-2.47;20.31;-44.51;0.94;-53.79;0.31;109.45;11;-1.67
124;118;213.84;154.2;24.4;4.5;1.9;-71.78;62.68;4241.25;-329.83;0.21;-41.5;1;129.91;0.0095;4;-49.38;0.99;-4.94;11.16;-23.77;-1.25;-63.05;0.89;126.09;10;0
125;119;140.23;242.6;37;4.5;1;-72.69;57.62;2023.28;-797.77;0.16;-46.51;1;124.82;0.014;5;-59.89;1.07;-0.1;8.33;-31.74;-3.11;-64.94;0.14;123.23;6;-6.16
126;120;83.48;462.3;46.5;3.5;2.8;-58.9;43.4;4180;-194.45;0.17;-41.36;3;112.67;0.006;5;-41.56;1.37;-1.71;9.23;-41.56;-10.08;-52.25;0.04;110.35;38;-7.57
127;121;121.01;229.81;20.1;2.4;16.5;-72.52;60.99;4059.72;-499.88;0.14;-29.19;1;122.64;0.015;6;-48;1.32;-1.44;8.93;-31.46;-2.99;-63.57;0.81;125.31;5;0
128;122;191.18;165.3;27.1;4.5;2;-73.52;58.21;3078.72;-167.51;0.2;-51.38;1;130.41;0.013;4;-55.2;1.21;-0.57;7.39;-30.12;-0.3;-65.6;0.45;129.12;5;0
129;123;127.25;150.1;31.9;3.3;3.1;-73.01;59.29;3341.87;-141.11;0.17;-22.8;1;120.69;0.005;7;-46.93;1.22;-2.57;35.58;-31.32;-3.59;-56.24;0.43;100.9;18;-8.4
130;124;163.31;125.1;23.7;3.3;6.2;-73.62;57.29;2694.67;-76.52;0.13;-25.78;1;115.97;0.012;7;-50.95;1.16;-2.44;34.02;-25.45;-0.54;-59.01;0.47;110.9;16;0
131;125;140.2;242.5;36.9;4.5;1;-72.71;57.72;2023.28;-800.13;0.16;-46.51;1;125.82;0.014;5;-60.12;1.01;-0.09;8.33;-31.27;-2.64;-65.65;0.14;124.25;6;-6.11
132;126;83.4;462.31;46.4;3.5;0.8;-58.91;43.5;4130.45;-184.45;0.17;-42.43;3;110.07;0.006;5;-41.13;1.32;-2.01;9.23;-41.13;-9.65;-51.25;0.04;110.35;39;-7.3
133;127;126.1;224.1;21.9;2.4;0.5;-72.52;60.22;4001.11;-500.08;0.14;-28.89;1;120.48;0.018;6;-48.45;1.22;-1.34;8.93;-31.41;-3.29;-63.05;0.85;124.25;5;0
134;128;191.9;161.1;27.3;4.5;0.4;-73.51;57.23;3002.18;-165.53;0.18;-51.23;1;131.21;0.013;4;-55.84;1.02;-0.52;7.39;-30.35;-0.96;-66.21;0.45;130.02;5;0
135;129;99.51;235.45;53.7;4.5;1.7;-73.01;61.44;3115.45;-602.02;0.27;-71.53;1;119.19;0.012;4;-58.67;0.9;1;5.75;-41.54;-0.65;-56.91;0.04;103.65;11;0
136;130;214.34;153.2;24.4;4.5;0.9;-71.38;62.75;4251.85;-330.13;0.21;-41.57;1;130.01;0.009;4;-49.41;1;-4.94;11.16;-23.77;-0.9;-63.75;0.9;126.46;10;0
137;131;150.23;232.6;37.5;4.5;0.1;-72.49;57.59;2079.55;-800.17;0.16;-45.52;1;124.82;0.014;5;-60;1.05;-0.1;9.34;-31.74;-3.63;-64.94;0.14;123.02;6;-6.52
138;132;56;522.3;56.4;2.9;1.8;-68.3;51.04;1461.68;-101.81;0.2;-11.14;3;105.08;0.019;7;-31.08;1;-2.75;18.48;-51.9;-15.48;-55.98;0.06;102.05;24;-11.6
139;133;142.98;221.12;36.7;4.5;1.5;-70.65;56.56;820.44;-114.25;0.35;-15.24;1;119.06;0.015;3;-17.35;0.61;-2.5;29.31;-44.56;-0.42;-54.29;0.31;110.32;11;-2.1
140;134;62.2;425.1;46.2;2.6;-3.4;-73.96;51.12;1187.57;-78.88;0.4;-15.7;3;102.06;0.019;2;-24.25;0.66;-3.42;74.15;-52.8;-8.46;-60.28;0.04;90.54;36;0
141;135;86.01;190.15;36.5;2.6;1.4;-71.23;60.22;3470.58;-101.15;0.01;-50.47;1;96.55;0.019;6;-47.25;1.2;-4.33;35.19;-34.48;-1.06;-54.46;0.03;88.75;3;-7.51
142;136;159.21;200.1;32.8;4.2;-3.2;-71.43;67.24;4415.95;-70.49;0.2;-39.01;1;134.11;0.014;6;-14.01;1.7;-4.35;32.48;-29.48;-1.72;-69.78;0.31;133.57;16;0
143;137;63.01;200.1;65.4;3.7;-2.2;-70.48;52.41;3550.45;-82.8;0.24;-63.56;3;105.53;0.005;9;-36.13;1.61;-6.23;19.93;-43.79;-6.65;-62.42;0.12;116.75;25;-26.4
144;138;100.82;351.2;51.3;4.5;3.4;-75.48;55.51;3151.92;-619.5;0.14;-51.33;2;125.16;0.008;6;-50.17;1.42;-1.16;8.85;-40.95;-2.83;-68.13;0.75;114.32;12;-13.41
145;139;172.21;115.1;23.2;3.3;6.2;-74.61;58.34;2678.55;-76.57;0.14;-25.69;1;116.43;0.012;7;-48.91;1.14;-2.4;35.12;-25.33;-1.04;-59.35;0.39;111.46;17;0
146;139;126.3;150;31.1;3.3;3.1;-72.96;60.41;3239.12;-150.11;0.17;-21.98;1;115.45;0.005;7;-45.43;1.15;-2.53;35.58;-31.77;-4.37;-58.21;0.43;101.45;19;-8.48
147;139;163.32;125;23.3;3.3;6.2;-73.64;58.27;2574.53;-80.54;0.13;-26.01;1;117.73;0.012;7;-49.76;1.11;-2.53;34.02;-25.45;-1.16;-60.39;0.45;111;16;0
148;139;142.99;220.6;36.8;4.5;1.5;-71.12;56.74;911.54;-110;0.35;-13.48;1;121.77;0.014;7;17.93;0.57;-2.57;34.31;-44.16;0.29;-54.25;0.32;108.38;11;-1.68
149;139;130.25;149.12;32.8;3.3;3.1;-73.84;62.42;3340.12;-150.01;0.17;-22.09;1;120.15;0.007;7;-45.36;1.2;-2.48;35.58;-31.87;-4.52;-56;0.43;101.01;17;-8.39
150;139;162.31;125.1;23.8;3.3;6.2;-74.61;58.21;2674.59;-76.61;0.13;-25.53;1;115.34;0.012;7;-50.1;1.2;-2.46;34.02;-24.99;-0.78;-59.53;0.44;111.21;17;0
